<?xml version="1.0" encoding="UTF-8"?>
<!DOCTYPE mapper PUBLIC "-//mybatis.org//DTD Mapper 3.0//EN" "http://mybatis.org/dtd/mybatis-3-mapper.dtd">
<mapper namespace="com.herong.demo.dao.UserDao">
    <resultMap id="BaseResultMap" type="com.herong.demo.domain.User">
        <id column="id" jdbcType="BIGINT" property="id" />
        <result column="user_code" jdbcType="VARCHAR" property="userCode" />
        <result column="user_account" jdbcType="VARCHAR" property="userAccount" />
        <result column="user_name" jdbcType="VARCHAR" property="userName" />
        <result column="password" jdbcType="VARCHAR" property="password" />
        <result column="user_type" jdbcType="VARCHAR" property="userType" />
        <result column="class_no" jdbcType="VARCHAR" property="classNo" />
        <result column="email" jdbcType="VARCHAR" property="email" />
        <result column="phone" jdbcType="VARCHAR" property="phone" />
        <result column="address" jdbcType="VARCHAR" property="address" />
        <result column="gmt_create" jdbcType="TIMESTAMP" property="gmtCreate" />
        <result column="gmt_modify" jdbcType="TIMESTAMP" property="gmtModify" />
    </resultMap>
    <sql id="Base_Column_List">
    id, user_code, user_account, user_name, password, user_type,class_no, email, phone, address,
    gmt_create, gmt_modify
  </sql>
    <select id="selectByPrimaryKey" parameterType="java.lang.Long" resultMap="BaseResultMap">
        select
        <include refid="Base_Column_List" />
        from tb_user
        where id = #{id,jdbcType=BIGINT}
    </select>
    <delete id="deleteByPrimaryKey" parameterType="java.lang.Long">
    delete from tb_user
    where id = #{id,jdbcType=BIGINT}
  </delete>
    <insert id="insert" parameterType="com.herong.demo.domain.User">
        <selectKey keyProperty="id" order="AFTER" resultType="java.lang.Long">
            SELECT LAST_INSERT_ID()
        </selectKey>
        insert into tb_user (user_code, user_account, user_name,
        password, user_type, class_no,email,
        phone, address, gmt_create,
        gmt_modify)
        values (#{userCode,jdbcType=VARCHAR}, #{userAccount,jdbcType=VARCHAR}, #{userName,jdbcType=VARCHAR},
        #{password,jdbcType=VARCHAR}, #{userType,jdbcType=VARCHAR}, #{classNo,jdbcType=VARCHAR},#{email,jdbcType=VARCHAR},
        #{phone,jdbcType=VARCHAR}, #{address,jdbcType=VARCHAR}, now(),now())
    </insert>
    <update id="updateByPrimaryKeySelective" parameterType="com.herong.demo.domain.User">
        update tb_user
        <set>
            gmt_modify = now(),
            <if test="userCode != null">
                user_code = #{userCode,jdbcType=VARCHAR},
            </if>
            <if test="userAccount != null">
                user_account = #{userAccount,jdbcType=VARCHAR},
            </if>
            <if test="userName != null">
                user_name = #{userName,jdbcType=VARCHAR},
            </if>
            <if test="password != null">
                password = #{password,jdbcType=VARCHAR},
            </if>
            <if test="userType != null">
                user_type = #{userType,jdbcType=VARCHAR},
            </if>
            <if test="classNo != null">
                class_no = #{classNo,jdbcType=VARCHAR},
            </if>
            <if test="email != null">
                email = #{email,jdbcType=VARCHAR},
            </if>
            <if test="phone != null">
                phone = #{phone,jdbcType=VARCHAR},
            </if>
            <if test="address != null">
                address = #{address,jdbcType=VARCHAR},
            </if>
        </set>
        where id = #{id,jdbcType=BIGINT}
    </update>
    <update id="updateByPrimaryKey" parameterType="com.herong.demo.domain.User">
    update tb_user
    set user_code = #{userCode,jdbcType=VARCHAR},
      user_account = #{userAccount,jdbcType=VARCHAR},
      user_name = #{userName,jdbcType=VARCHAR},
      password = #{password,jdbcType=VARCHAR},
      user_type = #{userType,jdbcType=VARCHAR},
      email = #{email,jdbcType=VARCHAR},
      phone = #{phone,jdbcType=VARCHAR},
      address = #{address,jdbcType=VARCHAR},
      gmt_create = #{gmtCreate,jdbcType=TIMESTAMP},
      gmt_modify = #{gmtModify,jdbcType=TIMESTAMP}
    where id = #{id,jdbcType=BIGINT}
  </update>

    <select id="getUserByUserAccount" parameterType="java.lang.String" resultMap="BaseResultMap">
        select
        <include refid="Base_Column_List" />
        from tb_user
        where  user_account = #{userAccount,jdbcType=VARCHAR}
    </select>

    <select id="queryByPage" parameterType="com.herong.demo.domain.query.UserQuery" resultMap="BaseResultMap">
        select
        <include refid="Base_Column_List" />
        from tb_user
        <trim prefix="where" prefixOverrides="and|or">
            <if test="userCode != null and userCode.length()>0">and user_code = #{userCode}</if>
            <if test="userType != null and userType.length()>0">and user_type = #{userType}</if>
            <if test="userName != null and userName.length()>0">and user_Name like concat ('%',#{userName},'%')</if>
        </trim>
        order by gmt_create desc
    </select>
</mapper>